target_density,V,E,actual_density,matrix_mean_s,matrix_std_s,heap_mean_s,heap_std_s,speedup_matrix_over_heap,heap_pushes,heap_pops,heap_stale_pops,edge_scans,matrix_steps,distances_match
0.002,1000,999,0.002,0.10256803733333679,0.00869146060622462,0.0009754893333517126,7.143675960302433e-05,105.14521668926942,999,1000,0,1998,2000000,True
0.005,1000,2508,0.005021021021021021,0.083536774,0.0009320021197792817,0.0011874699999718057,0.00014969469257542238,70.34853428043102,1447,1448,448,5016,2000000,True
0.01,1000,5037,0.010084084084084084,0.09945864333334005,0.0039922779856969666,0.0024565430000128194,0.0002542936371955403,40.487238909647026,1962,1963,963,10074,2000000,True
0.02,1000,9920,0.01985985985985986,0.10674316366667351,0.0016938076654902175,0.003725992000018626,0.0002628227205238524,28.648253583512766,2490,2491,1491,19840,2000000,True
0.05,1000,24753,0.049555555555555554,0.09456038566668212,0.00461491162862121,0.004677166333351579,0.0005920863650781912,20.217451962825905,3337,3338,2338,49506,2000000,True
0.1,1000,49936,0.09997197197197197,0.10400778300000486,0.01124969311683724,0.006749987666694324,0.0006132714822697408,15.408588598346384,3716,3717,2717,99872,2000000,True
0.2,1000,99648,0.1994954954954955,0.09794363533332746,0.00357699139631735,0.009914785333307918,0.0002684511480477448,9.878543210037412,4183,4184,3184,199296,2000000,True
0.3,1000,149697,0.2996936936936937,0.11562213866668951,0.009314183501134483,0.013811011333340653,0.00023316048506976937,8.371735847292397,4311,4312,3312,299394,2000000,True
0.5,1000,250095,0.5006906906906907,0.15340657933334492,0.0019466702673812976,0.031241478333318657,0.0007275958008736655,4.910349558258217,4577,4578,3578,500190,2000000,True
0.7,1000,349701,0.7001021021021021,0.14711722099999255,0.014782263226343668,0.028338313666684673,0.00031221825061815417,5.191459969368175,4593,4594,3594,699402,2000000,True
0.9,1000,449638,0.9001761761761762,0.11398088000000446,0.0006463182150028928,0.035952217999977165,0.0004042444100565442,3.170343482009284,4680,4681,3681,899276,2000000,True
1.0,1000,499500,1.0,0.12065805933332285,0.003660061126575265,0.04157207033334013,0.0018494385390446031,2.9023827383587637,4705,4706,3706,999000,2000000,True
0.002,2000,4039,0.0020205102551275637,0.3986939573333264,0.025068251839400906,0.0021567780000282255,2.2877493029913694e-05,184.85627975067845,2640,2641,641,8078,8000000,True
0.005,2000,10017,0.005011005502751376,0.38124063366666405,0.0177256002802045,0.0035872130000219236,0.00030155795396180916,106.27766839168292,3957,3958,1958,20034,8000000,True
0.01,2000,20000,0.010005002501250625,0.3783768016666613,0.03623000471907443,0.004942958999985573,0.00028356782353117254,76.5486425575785,5063,5064,3064,40000,8000000,True
0.02,2000,40019,0.02001950975487744,0.4242714240000017,0.02628177498333392,0.012125794000003983,0.0006966564669141493,34.98916640014355,6249,6250,4250,80038,8000000,True
0.05,2000,99949,0.049999499749874936,0.45594270800000913,0.007184082082006338,0.014027255666652158,0.0019213683429877895,32.5040563054646,7464,7465,5465,199898,8000000,True
0.1,2000,199909,0.10000450225112556,0.37351095733335643,0.023927559695006626,0.030735862999999124,0.0004997086291103193,12.15228468884596,8366,8367,6367,399818,8000000,True
0.2,2000,400267,0.2002336168084042,0.43642959633333095,0.022666263687153316,0.048127358333336666,0.001223386068932412,9.068222554634307,8733,8734,6734,800534,8000000,True
0.3,2000,600888,0.3005942971485743,0.4379691743333183,0.02496878544068631,0.051081553333347074,0.0008833824050091634,8.573920441988657,9175,9176,7176,1201776,8000000,True
0.5,2000,999140,0.4998199099549775,0.506744053333326,0.06293714533675665,0.09472391966666767,0.00865214264503781,5.349694724590707,9324,9325,7325,1998280,8000000,True
0.7,2000,1399594,0.7001470735367684,0.5134883383333317,0.024818457771512335,0.13007673633332692,0.010896623765356692,3.947580119303555,9301,9302,7302,2799188,8000000,True
0.9,2000,1799290,0.9000950475237619,0.5416202093333405,0.02577635673489085,0.15222726533335162,0.008580238668900564,3.5579710911004354,9428,9429,7429,3598580,8000000,True
1.0,2000,1999000,1.0,0.5284233080000149,0.02606189425600622,0.19362156300000302,0.011793597594759125,2.7291552645921295,9738,9739,7739,3998000,8000000,True
