V,E,density,average_runtime_seconds
100,491,0.09919191919191919,8.746666814355801e-05
100,1474,0.29777777777777775,0.00018226666725240648
100,2449,0.49474747474747477,0.00027076666689633083
100,3539,0.714949494949495,0.00034946666467779625
100,4465,0.902020202020202,0.0004626333296376591
500,12416,0.09952705410821644,0.0018136666719025623
500,37395,0.2997595190380761,0.009057366662697556
500,62076,0.4976032064128256,0.016018799996042315
500,87088,0.6981002004008016,0.022722133333445527
500,112318,0.9003446893787576,0.03039843332953751
1000,50115,0.10033033033033033,0.02458983333296298
1000,150061,0.3004224224224224,0.04332736666159084
1000,249413,0.4993253253253253,0.06797453333274461
1000,349747,0.7001941941941942,0.08016259999809942
1000,449441,0.8997817817817818,0.10025906666123774
2000,199283,0.09969134567283641,0.06335473333213788
2000,598918,0.2996088044022011,0.1673143000031511
2000,999421,0.4999604802401201,0.24662043333228212
2000,1400191,0.7004457228614307,0.36211783333177056
2000,1799722,0.9003111555777888,0.4305409999991146
